-- phpMyAdmin SQL Dump
-- version 4.8.5
-- https://www.phpmyadmin.net/
--
-- Servidor: 127.0.0.1:3306
-- Tiempo de generación: 16-06-2019 a las 18:07:54
-- Versión del servidor: 5.7.26
-- Versión de PHP: 7.2.18

SET SQL_MODE = "NO_AUTO_VALUE_ON_ZERO";
SET AUTOCOMMIT = 0;
START TRANSACTION;
SET time_zone = "+00:00";


/*!40101 SET @OLD_CHARACTER_SET_CLIENT=@@CHARACTER_SET_CLIENT */;
/*!40101 SET @OLD_CHARACTER_SET_RESULTS=@@CHARACTER_SET_RESULTS */;
/*!40101 SET @OLD_COLLATION_CONNECTION=@@COLLATION_CONNECTION */;
/*!40101 SET NAMES utf8mb4 */;

--
-- Base de datos: `estadistica`
--

-- --------------------------------------------------------

--
-- Estructura de tabla para la tabla `estudiantes`
--

DROP TABLE IF EXISTS `estudiantes`;
CREATE TABLE IF NOT EXISTS `estudiantes` (
  `ci` varchar(10) CHARACTER SET utf8 COLLATE utf8_spanish_ci NOT NULL,
  `Nombre` varchar(50) CHARACTER SET utf8 COLLATE utf8_spanish_ci NOT NULL,
  `Apellido` varchar(50) CHARACTER SET utf8 COLLATE utf8_spanish_ci NOT NULL,
  PRIMARY KEY (`ci`)
) ENGINE=InnoDB DEFAULT CHARSET=utf8;

--
-- Volcado de datos para la tabla `estudiantes`
--

INSERT INTO `estudiantes` (`ci`, `Nombre`, `Apellido`) VALUES
('1209384756', 'Javier ', 'Ortega'),
('1234847893', 'Estefania', 'Mora'),
('1273645968', 'Jefferson ', 'Anaguaya'),
('128283745', 'Byron', 'Lopez'),
('1625354839', 'Gabriela', 'Collaguazo'),
('1672638494', 'Alex', 'Oviedo'),
('1725045874', 'Darwin', 'Munioz'),
('172639475', 'Rony', 'Priayan'),
('1728374652', 'Carlos', 'Rivera'),
('1730486536', 'Erick', 'Sanchez'),
('173649201', 'Jhamar', 'Romero'),
('175127087', 'Laura', 'Alvarez'),
('1759874567', 'Maria', 'Sandoval'),
('176539286', 'Wesly', 'Rivera'),
('1785345674', 'Juan', 'Campos'),
('1827364559', 'Lilei', 'Aldaz'),
('1827364594', 'Paola', 'Cevallos'),
('1827364658', 'Patricia', 'Pozo'),
('1827364950', 'Patricio', 'Caldo'),
('1827365954', 'Stalin', 'Titisonta'),
('186273645', 'David', 'Taledo'),
('1872635473', 'Edison', 'Munioz'),
('1873645284', 'Martina', 'Lizano'),
('1928737464', 'Franklin', 'Rodrigez'),
('1982736463', 'Paola', 'Castillo');

-- --------------------------------------------------------

--
-- Estructura de tabla para la tabla `materias1`
--

DROP TABLE IF EXISTS `materias1`;
CREATE TABLE IF NOT EXISTS `materias1` (
  `id` int(10) NOT NULL AUTO_INCREMENT,
  `Materias` varchar(50) NOT NULL,
  PRIMARY KEY (`id`)
) ENGINE=InnoDB AUTO_INCREMENT=11 DEFAULT CHARSET=latin1;

--
-- Volcado de datos para la tabla `materias1`
--

INSERT INTO `materias1` (`id`, `Materias`) VALUES
(1, 'Estadistica'),
(2, 'Matematicas'),
(3, 'Lenguaje'),
(4, 'Programacion'),
(5, 'Redes'),
(6, 'Base de Datos'),
(7, 'Calidad de Software'),
(8, 'Emprendimiento'),
(9, 'Contabilidad'),
(10, 'Estructura de Datos');

-- --------------------------------------------------------

--
-- Estructura de tabla para la tabla `notas`
--

DROP TABLE IF EXISTS `notas`;
CREATE TABLE IF NOT EXISTS `notas` (
  `id_nota` int(11) NOT NULL AUTO_INCREMENT,
  `nota` float DEFAULT NULL,
  `ci_estudiante` varchar(10) CHARACTER SET utf8 COLLATE utf8_spanish_ci NOT NULL,
  `id_materia` int(10) NOT NULL,
  PRIMARY KEY (`id_nota`),
  KEY `fk_estudiante` (`ci_estudiante`),
  KEY `fk_materia` (`id_materia`)
) ENGINE=InnoDB AUTO_INCREMENT=251 DEFAULT CHARSET=latin1;

--
-- Volcado de datos para la tabla `notas`
--

INSERT INTO `notas` (`id_nota`, `nota`, `ci_estudiante`, `id_materia`) VALUES
(1, 9, '1209384756', 1),
(2, 9, '1273645968', 2),
(3, 5, '128283745', 3),
(4, 6, '1625354839', 4),
(5, 4, '1672638494', 5),
(6, 3, '1725045874', 6),
(7, 3, '172639475', 7),
(8, 9, '1728374652', 8),
(9, 1, '173649201', 9),
(10, 4, '175127087', 10),
(11, 9, '176539286', 1),
(12, 2, '1827364559', 2),
(13, 4, '1827364594', 3),
(14, 9, '1827364658', 4),
(15, 1, '1827364950', 5),
(16, 9, '1827365954', 6),
(17, 8, '186273645', 7),
(18, 4, '1872635473', 8),
(19, 9, '1873645284', 9),
(20, 10, '1928737464', 10),
(21, 4, '1982736463', 1),
(22, 7, '1209384756', 2),
(23, 3, '1273645968', 3),
(24, 2, '128283745', 4),
(25, 4, '1625354839', 5),
(26, 5, '1672638494', 6),
(27, 2, '1725045874', 7),
(28, 5, '172639475', 8),
(29, 6, '1728374652', 9),
(30, 8, '173649201', 10),
(31, 4, '175127087', 1),
(32, 1, '176539286', 2),
(33, 6, '1827364559', 3),
(34, 9, '1827364594', 4),
(35, 5, '1827364658', 5),
(36, 2, '1827364950', 6),
(37, 1, '1827365954', 7),
(38, 2, '186273645', 8),
(39, 9, '1872635473', 9),
(40, 9, '1873645284', 10),
(41, 8, '1928737464', 1),
(42, 3, '1982736463', 2),
(43, 6, '1209384756', 3),
(44, 3, '1273645968', 4),
(45, 8, '128283745', 5),
(46, 2, '1625354839', 6),
(47, 9, '1672638494', 7),
(48, 5, '1725045874', 8),
(49, 3, '172639475', 9),
(50, 7, '1728374652', 10),
(51, 10, '173649201', 1),
(52, 5, '175127087', 2),
(53, 10, '176539286', 3),
(54, 9, '1827364559', 4),
(55, 7, '1827364594', 5),
(56, 10, '1827364658', 6),
(57, 10, '1827364950', 7),
(58, 2, '1827365954', 8),
(59, 3, '186273645', 9),
(60, 7, '1872635473', 10),
(61, 8, '1873645284', 1),
(62, 3, '1928737464', 2),
(63, 5, '1982736463', 3),
(64, 9, '1209384756', 4),
(65, 3, '1273645968', 5),
(66, 8, '128283745', 6),
(67, 4, '1625354839', 7),
(68, 2, '1672638494', 8),
(69, 3, '1725045874', 9),
(70, 1, '172639475', 10),
(71, 6, '1728374652', 1),
(72, 9, '173649201', 2),
(73, 2, '175127087', 3),
(74, 5, '176539286', 4),
(75, 6, '1827364559', 5),
(76, 5, '1827364594', 6),
(77, 1, '1827364658', 7),
(78, 9, '1827364950', 8),
(79, 4, '1827365954', 9),
(80, 4, '186273645', 10),
(81, 1, '1872635473', 1),
(82, 4, '1873645284', 2),
(83, 2, '1928737464', 3),
(84, 5, '1982736463', 4),
(85, 7, '1209384756', 5),
(86, 5, '1273645968', 6),
(87, 1, '128283745', 7),
(88, 7, '1625354839', 8),
(89, 3, '1672638494', 9),
(90, 2, '1725045874', 10),
(91, 1, '172639475', 1),
(92, 4, '1728374652', 2),
(93, 4, '173649201', 3),
(94, 5, '175127087', 4),
(95, 9, '176539286', 5),
(96, 4, '1827364559', 6),
(97, 10, '1827364594', 7),
(98, 7, '1827364658', 8),
(99, 6, '1827364950', 9),
(100, 3, '1827365954', 10),
(101, 3, '186273645', 1),
(102, 9, '1872635473', 2),
(103, 5, '1873645284', 3),
(104, 6, '1928737464', 4),
(105, 4, '1982736463', 5),
(106, 4, '1209384756', 6),
(107, 3, '1273645968', 7),
(108, 9, '128283745', 8),
(109, 1, '1625354839', 9),
(110, 4, '1672638494', 10),
(111, 9, '1725045874', 1),
(112, 2, '172639475', 2),
(113, 4, '1728374652', 3),
(114, 9, '173649201', 4),
(115, 1, '175127087', 5),
(116, 9, '176539286', 6),
(117, 8, '1827364559', 7),
(118, 4, '1827364594', 8),
(119, 9, '1827364658', 9),
(120, 10, '1827364950', 10),
(121, 4, '1827365954', 1),
(122, 9, '186273645', 2),
(123, 3, '1872635473', 3),
(124, 2, '1873645284', 4),
(125, 4, '1928737464', 5),
(126, 5, '1982736463', 6),
(127, 3, '1209384756', 7),
(128, 5, '1273645968', 8),
(129, 6, '128283745', 9),
(130, 8, '1625354839', 10),
(131, 4, '1672638494', 1),
(132, 1, '1725045874', 2),
(133, 6, '172639475', 3),
(134, 9, '1728374652', 4),
(135, 5, '173649201', 5),
(136, 2, '175127087', 6),
(137, 1, '176539286', 7),
(138, 2, '1827364559', 8),
(139, 9, '1827364594', 9),
(140, 9, '1827364658', 10),
(141, 8, '1827364950', 1),
(142, 3, '1827365954', 2),
(143, 9, '186273645', 3),
(144, 3, '1872635473', 4),
(145, 8, '1873645284', 5),
(146, 2, '1928737464', 6),
(147, 9, '1982736463', 7),
(148, 5, '1209384756', 8),
(149, 3, '1273645968', 9),
(150, 7, '128283745', 10),
(151, 10, '1625354839', 1),
(152, 5, '1672638494', 2),
(153, 10, '1725045874', 3),
(154, 9, '172639475', 4),
(155, 7, '1728374652', 5),
(156, 10, '173649201', 6),
(157, 10, '175127087', 7),
(158, 2, '176539286', 8),
(159, 3, '1827364559', 9),
(160, 7, '1827364594', 10),
(161, 8, '1827364658', 1),
(162, 3, '1827364950', 2),
(163, 5, '1827365954', 3),
(164, 10, '186273645', 4),
(165, 3, '1872635473', 5),
(166, 8, '1873645284', 6),
(167, 4, '1928737464', 7),
(168, 2, '1982736463', 8),
(169, 7, '1209384756', 9),
(170, 1, '1273645968', 10),
(171, 6, '128283745', 1),
(172, 9, '1625354839', 2),
(173, 2, '1672638494', 3),
(174, 5, '1725045874', 4),
(175, 6, '172639475', 5),
(176, 5, '1728374652', 6),
(177, 1, '173649201', 7),
(178, 9, '175127087', 8),
(179, 4, '176539286', 9),
(180, 4, '1827364559', 10),
(181, 1, '1827364594', 1),
(182, 4, '1827364658', 2),
(183, 2, '1827364950', 3),
(184, 5, '1827365954', 4),
(185, 4, '186273645', 5),
(186, 5, '1872635473', 6),
(187, 1, '1873645284', 7),
(188, 7, '1928737464', 8),
(189, 3, '1982736463', 9),
(190, 7, '1209384756', 10),
(191, 1, '1273645968', 1),
(192, 4, '128283745', 2),
(193, 4, '1625354839', 3),
(194, 5, '1672638494', 4),
(195, 9, '1725045874', 5),
(196, 4, '172639475', 6),
(197, 10, '1728374652', 7),
(198, 7, '173649201', 8),
(199, 6, '175127087', 9),
(200, 3, '176539286', 10),
(201, 7, '1827364559', 1),
(202, 3, '1827364594', 2),
(203, 2, '1827364658', 3),
(204, 1, '1827364950', 4),
(205, 4, '1827365954', 5),
(206, 4, '186273645', 6),
(207, 5, '1872635473', 7),
(208, 9, '1873645284', 8),
(209, 4, '1928737464', 9),
(210, 10, '1982736463', 10),
(211, 5.7, '1785345674', 1),
(212, 7, '1785345674', 2),
(213, 8.5, '1785345674', 3),
(214, 9, '1785345674', 4),
(215, 8.5, '1785345674', 5),
(216, 7, '1785345674', 6),
(217, 5.7, '1785345674', 7),
(218, 5, '1785345674', 8),
(219, 10, '1785345674', 9),
(220, 9, '1785345674', 10),
(221, 8, '1759874567', 1),
(222, 9, '1759874567', 2),
(223, 7, '1759874567', 3),
(224, 8.7, '1759874567', 4),
(225, 8.5, '1759874567', 5),
(226, 7, '1759874567', 6),
(227, 8.7, '1759874567', 7),
(228, 9, '1759874567', 8),
(229, 9.5, '1759874567', 9),
(230, 8, '1759874567', 10),
(231, 8, '1730486536', 1),
(232, 7, '1730486536', 2),
(233, 8, '1730486536', 3),
(234, 8.7, '1730486536', 4),
(235, 7.5, '1730486536', 5),
(236, 6, '1730486536', 6),
(237, 4, '1730486536', 7),
(238, 8, '1730486536', 8),
(239, 8.7, '1730486536', 9),
(240, 7, '1730486536', 10),
(241, 9, '1234847893', 1),
(242, 3.4, '1234847893', 2),
(243, 6, '1234847893', 3),
(244, 8.7, '1234847893', 4),
(245, 7, '1234847893', 5),
(246, 4, '1234847893', 6),
(247, 9, '1234847893', 7),
(248, 8.5, '1234847893', 8),
(249, 9.5, '1234847893', 9),
(250, 9.4, '1234847893', 10);

--
-- Restricciones para tablas volcadas
--

--
-- Filtros para la tabla `notas`
--
ALTER TABLE `notas`
  ADD CONSTRAINT `fk_estudiante` FOREIGN KEY (`ci_estudiante`) REFERENCES `estudiantes` (`ci`) ON DELETE CASCADE ON UPDATE CASCADE,
  ADD CONSTRAINT `fk_materia` FOREIGN KEY (`id_materia`) REFERENCES `materias1` (`id`) ON DELETE CASCADE ON UPDATE CASCADE;
COMMIT;

/*!40101 SET CHARACTER_SET_CLIENT=@OLD_CHARACTER_SET_CLIENT */;
/*!40101 SET CHARACTER_SET_RESULTS=@OLD_CHARACTER_SET_RESULTS */;
/*!40101 SET COLLATION_CONNECTION=@OLD_COLLATION_CONNECTION */;
